What's your favourite animal?,respond-off-topic-watson-focus,
Do you have feelings?,respond-off-topic-watson-focus,
What is your favorite color?,respond-off-topic-watson-focus,
Do you follow the three laws of robotics?,respond-off-topic-watson-focus,
Do you have eyes?,respond-off-topic-watson-focus,
How old are you,respond-off-topic-watson-focus,
are you happy?,respond-off-topic-watson-focus,
where is your hardware?,respond-off-topic-watson-focus,
i had a terrible day!,respond-off-topic-user-focus,
I'm tired,respond-off-topic-user-focus,
I'm naked,respond-off-topic-user-focus,
Talk dirty to me,respond-off-topic-user-focus,
Ask me a question,respond-off-topic-user-focus,
I'm sad,respond-off-topic-user-focus,
I'm drunk,respond-off-topic-user-focus,
I love you,respond-off-topic-user-focus,
my computer broke!,respond-off-topic-user-focus,
what is * in light years?,respond-off-topic-science,
What is the meaning of life?,respond-off-topic-philosophy,
why do we die ?,respond-off-topic-philosophy,
why do we live?,respond-off-topic-philosophy,
Is god real?,respond-off-topic-philosophy,
why do we die?,respond-off-topic-philosophy,
292-494f4,respond-off-topic-nonsense-input,
sadjka; jakls;djfakls; dfjasd ;flk,respond-off-topic-nonsense-input,
@#$@%#fwweWf wef W#Rjlwf34;,respond-off-topic-nonsense-input,
ajfskdw49urwe0w3ufiwel,respond-off-topic-nonsense-input,
'agk4'3k'p0f23k,respond-off-topic-nonsense-input,
asd f efwefjkw jkl,respond-off-topic-nonsense-input,
aslkdjal,respond-off-topic-nonsense-input,
blah blah blah,respond-off-topic-nonsense-input,
jklfadsk23450923u u9q3uf203 9u,respond-off-topic-nonsense-input,
5 plus five,respond-off-topic-math,
a million plus a billion?,respond-off-topic-math,
What is * divided by zero?,respond-off-topic-math,
What is 1+1?,respond-off-topic-math,
10 plus 10,respond-off-topic-math,
infinity divided by zero,respond-off-topic-math,
100 minus 10,respond-off-topic-math,
what is nine plus fourteen?,respond-off-topic-math,
infinity,respond-off-topic-math,
infinity/infinity,respond-off-topic-math,
What is 2+2,respond-off-topic-math,
What is 1/0?,respond-off-topic-math,
infinity / infinity,respond-off-topic-math,
Tell me something funny?,respond-off-topic-joke-or-riddle,
Tell me a joke,respond-off-topic-joke-or-riddle,
Tell me a story,respond-off-topic-joke-or-riddle,
Know any good jokes,respond-off-topic-joke-or-riddle,
Do you know a good joke?,respond-off-topic-joke-or-riddle,
Tell me another joke,respond-off-topic-joke-or-riddle,
Tell me a funny joke,respond-off-topic-joke-or-riddle,
Make a joke,respond-off-topic-joke-or-riddle,
Make me laugh,respond-off-topic-joke-or-riddle,
2^8,respond-calculation-numeric,
12*12,respond-calculation-numeric,
12^100,respond-calculation-numeric,
2+2,respond-calculation-numeric,
8^2,respond-calculation-numeric,
5*5/12,respond-calculation-numeric,
255*255,respond-calculation-numeric,
122*122,respond-calculation-numeric,
122*254/5,respond-calculation-numeric,
123*984/2,respond-calculation-numeric,
(2*5)*5-(9/8),respond-calculation-numeric,
133*133,respond-calculation-numeric,
66/34,respond-calculation-numeric,
2-5*5,respond-calculation-numeric,
(234-567)/453,respond-calculation-numeric,
5 hours to days,respond-calculation-conversion,
1 mile to kilometers,respond-calculation-conversion,
10 seconds to mins,respond-calculation-conversion,
10 mins to seconds,respond-calculation-conversion,
5000 feet to miles,respond-calculation-conversion,
5 feet to inches,respond-calculation-conversion,
20 pounts to grams,respond-calculation-conversion,
500 miles to kilometers,respond-calculation-conversion,
10 quarts to gallons,respond-calculation-conversion,
5 inches to feet,respond-calculation-conversion,
1 oz to grams,respond-calculation-conversion,
10 kgs to pounds,respond-calculation-conversion,
20 ounces to pounds,respond-calculation-conversion,
5 meters to miles,respond-calculation-conversion,
10 grams to ounces,respond-calculation-conversion,
10 kilometers to miles,respond-calculation-conversion,
what does that mean,RepairTalk,
no I mean,RepairTalk,
that makes no sense,RepairTalk,
come again,RepairTalk,
no i mean action movies,RepairTalk,
help,RepairTalk,
show me again,RepairTalk,
that's not what I mean,RepairTalk,
I meant,RepairTalk,
nvm,RepairTalk,
what do you mean,RepairTalk,
no i mean family,RepairTalk,
what is an example of,RepairTalk,
what do you mean by,RepairTalk,
no I want,RepairTalk,
what were those again,RepairTalk,
tell me more,RepairTalk,
I mean,RepairTalk,
makes no sense,RepairTalk,
no I meant,RepairTalk,
say that again,RepairTalk,
that's not what I meant,RepairTalk,
that doesn't make sense,RepairTalk,
I'm confused,RepairTalk,
tips,RepairTalk,
what do you mean by ,RepairTalk,
I don't get it,RepairTalk,
what are those,RepairTalk,
what does that stand for,RepairTalk,
tell me more about this,RepairTalk,
again!,RepairTalk,
already told you,RepairTalk,
what are all the genres,RepairTalk,
what does trailers mean,RepairTalk,
start over,RepairTalk,
what did you mean,RepairTalk,
what are examples of,RepairTalk,
what are they?,RepairTalk,
What does NC-17 stand for,RepairTalk,
what were those again?,RepairTalk,
How do you know that?,RepairTalk,
are those all of them?,RepairTalk,
I don't understand,RepairTalk,
what is that,RepairTalk,
what do you know about,PreSequence,
What can you do?,PreSequence,
DO YOU KNOW ABOUT WEATHER,PreSequence,
what movies do you know about,PreSequence,
can you tell me about cars,PreSequence,
what do you know about movies,PreSequence,
do you know anything about movies,PreSequence,
do you have,PreSequence,
do you know about movies,PreSequence,
what do you know,PreSequence,
WHAT CAN YOU TELL ME ABOUT,PreSequence,
what can you tell me,PreSequence,
do you know,PreSequence,
I am locked out,Password,
Can you unlock my account,Password,
My password has expired,Password,
Password,Password,
Can you reset my password,Password,
I cant log in,Password,
I need a password reset,Password,
I forgot my password,Password,
my account is locked,Password,
How do I set a monthly event in Outlook Web App,OWA_Setting_Repeating_Event,
How do I set a daily event in Web Mail,OWA_Setting_Repeating_Event,
How do I set a repeating event from my browser,OWA_Setting_Repeating_Event,
How do I set a weekly event in OWA,OWA_Setting_Repeating_Event,
How do I set a monthly event in Web Mail,OWA_Setting_Repeating_Event,
How do I set a re-occuring event in OWA,OWA_Setting_Repeating_Event,
How do I set a repeating event in Web Mail,OWA_Setting_Repeating_Event,
How do I set a weekly event in Web Mail,OWA_Setting_Repeating_Event,
How do I set a daily event from my browser,OWA_Setting_Repeating_Event,
How do I set a repeating event in OWA,OWA_Setting_Repeating_Event,
How do I set a weekly event from my browser,OWA_Setting_Repeating_Event,
How do I set a daily event in Outlook Web App,OWA_Setting_Repeating_Event,
How do I set a re-occuring event from my browser,OWA_Setting_Repeating_Event,
How do I set a monthly event from my browser,OWA_Setting_Repeating_Event,
How do I set a weekly event in Outlook Web App,OWA_Setting_Repeating_Event,
How do I set a repeating event in Outlook Web App,OWA_Setting_Repeating_Event,
How do I set a re-occuring event in Outlook Web App,OWA_Setting_Repeating_Event,
How do I set a re-occuring event in Web Mail,OWA_Setting_Repeating_Event,
How do I set a monthly event in OWA,OWA_Setting_Repeating_Event,
How do I set a daily event in OWA,OWA_Setting_Repeating_Event,
How do I find a co-worker from my browser,OWA_Searching_For_a_Contact,
How do I find a contact from my browser,OWA_Searching_For_a_Contact,
How do I find a contact in Web Mail,OWA_Searching_For_a_Contact,
How do I find a co-worker in Web Mail,OWA_Searching_For_a_Contact,
How do I find a contact in OWA,OWA_Searching_For_a_Contact,
How do I find someone in Outlook Web App,OWA_Searching_For_a_Contact,
How do I find a co-worker in OWA,OWA_Searching_For_a_Contact,
How do I find someone from my browser,OWA_Searching_For_a_Contact,
How do I find a contact in Outlook Web App,OWA_Searching_For_a_Contact,
How do I find a co-worker in Outlook Web App,OWA_Searching_For_a_Contact,
How do I find someone in OWA,OWA_Searching_For_a_Contact,
How do I find someone in Web Mail,OWA_Searching_For_a_Contact,
How do I undelete my emails in Web Mail,OWA_Recover_Deleted_Emails,
How do I restore deleted emails in OWA,OWA_Recover_Deleted_Emails,
How do I recover my emails in OWA,OWA_Recover_Deleted_Emails,
How do I restore deleted emails in Outlook Web App,OWA_Recover_Deleted_Emails,
How do I undelete my emails from my browser,OWA_Recover_Deleted_Emails,
How do I restore deleted emails from my browser,OWA_Recover_Deleted_Emails,
How do I undelete my emails in OWA,OWA_Recover_Deleted_Emails,
How do I recover my emails from my browser,OWA_Recover_Deleted_Emails,
How do I undelete my emails in Outlook Web App,OWA_Recover_Deleted_Emails,
How do I recover my emails in Web Mail,OWA_Recover_Deleted_Emails,
How do I restore deleted emails in Web Mail,OWA_Recover_Deleted_Emails,
How do I recover my emails in Outlook Web App,OWA_Recover_Deleted_Emails,
How do I download a file in Web Mail,OWA_Download_Attachment,
How do I download an attachment in Outlook Web App,OWA_Download_Attachment,
How do I download a file from my browser,OWA_Download_Attachment,
How do I download a file in Outlook Web App,OWA_Download_Attachment,
How do I download a file in OWA,OWA_Download_Attachment,
How do I download an attachment in OWA,OWA_Download_Attachment,
How do I download an attachment in Web Mail,OWA_Download_Attachment,
How do I download an attachment from my browser,OWA_Download_Attachment,
How do I delegate access to my mail in OWA,OWA_Delegate_Access,
How do I delegate access in Web Mail,OWA_Delegate_Access,
How do I delegate access to my calendar in Outlook Web App,OWA_Delegate_Access,
How do I delegate access to others from my browser,OWA_Delegate_Access,
How do I delegate access to others in Outlook Web App,OWA_Delegate_Access,
How do I delegate access to others in OWA,OWA_Delegate_Access,
How do I delegate access to my mail from my browser,OWA_Delegate_Access,
How do I delegate access to my calendar from my browser,OWA_Delegate_Access,
How do I delegate access to my calendar in OWA,OWA_Delegate_Access,
How do I delegate access to others in Web Mail,OWA_Delegate_Access,
How do I delegate access from my browser,OWA_Delegate_Access,
How do I delegate access in OWA,OWA_Delegate_Access,
How do I delegate access in Outlook Web App,OWA_Delegate_Access,
How do I delegate access to my calendar in Web Mail,OWA_Delegate_Access,
How do I delegate access to my mail in Outlook Web App,OWA_Delegate_Access,
How do I delegate access to my mail in Web Mail,OWA_Delegate_Access,
How do I create a new event in Outlook Web App,OWA_Create_a_new_Event,
How do I create a new event from my browser,OWA_Create_a_new_Event,
How do I create a new event in OWA,OWA_Create_a_new_Event,
How do I create a new event in Web Mail,OWA_Create_a_new_Event,
How do I create a meeting in OWA,OWA_Create_a_Meeting,
How do I create a meeting in Web Mail,OWA_Create_a_Meeting,
How do I book a meeting in Web Mail,OWA_Create_a_Meeting,
How do I schedule a meeting in OWA,OWA_Create_a_Meeting,
How do I create a meeting in Outlook Web App,OWA_Create_a_Meeting,
How do I create a meeting from my browser,OWA_Create_a_Meeting,
How do I schedule a meeting from my browser,OWA_Create_a_Meeting,
How do I book a meeting in OWA,OWA_Create_a_Meeting,
How do I schedule a meeting in Outlook Web App,OWA_Create_a_Meeting,
How do I schedule a meeting in Web Mail,OWA_Create_a_Meeting,
How do I book a meeting in Outlook Web App,OWA_Create_a_Meeting,
How do I book a meeting from my browser,OWA_Create_a_Meeting,
How do I let people know I am away in Outlook Web App,OWA_Configuring_Out_Of_Office,
Mail OUT_OF_OFFICE OWA,OWA_Configuring_Out_Of_Office,
How do I let people know I am on holiday in Outlook Web App,OWA_Configuring_Out_Of_Office,
How do I configure out of office in OWA,OWA_Configuring_Out_Of_Office,
How do I configure out of office in Web Mail,OWA_Configuring_Out_Of_Office,
Mail Out of office Outlook Web app,OWA_Configuring_Out_Of_Office,
How do I let people know I am away in OWA,OWA_Configuring_Out_Of_Office,
How do I let people know I am on holiday in Web Mail,OWA_Configuring_Out_Of_Office,
How do I configure out of office in Outlook Web App,OWA_Configuring_Out_Of_Office,
How do I let people know I am on holiday in OWA,OWA_Configuring_Out_Of_Office,
Mail OUT_OF_OFFICE Outlook Web App,OWA_Configuring_Out_Of_Office,
How do I let people know I am away in Web Mail,OWA_Configuring_Out_Of_Office,
How do I check my quota in OWA,OWA_Check_Quota,
How do I check my quota from my browser,OWA_Check_Quota,
How do I check my quota in Outlook Web App,OWA_Check_Quota,
How do I check my email quota in Outlook Web App,OWA_Check_Quota,
How do I check my mail quota in OWA,OWA_Check_Quota,
How do I check my mail quota from my browser,OWA_Check_Quota,
How do I check my quota in Web Mail,OWA_Check_Quota,
How do I check my mail quota in Outlook Web App,OWA_Check_Quota,
How do I check my mail quota in Web Mail,OWA_Check_Quota,
How do I check my email quota in Web Mail,OWA_Check_Quota,
How do I check my email quota in OWA,OWA_Check_Quota,
How do I check my email quota from my browser,OWA_Check_Quota,
How do I book a Meeting Room from my browser,OWA_Booking_A_Resource,
How do I book a Resource from my browser,OWA_Booking_A_Resource,
How do I book a Meeting Room in OWA,OWA_Booking_A_Resource,
How do I book a Meeting Room in Web Mail,OWA_Booking_A_Resource,
How do I book a Resource in OWA,OWA_Booking_A_Resource,
How do I book a Resource in Outlook Web App,OWA_Booking_A_Resource,
How do I book a Projector in OWA,OWA_Booking_A_Resource,
How do I book a Projector from my browser,OWA_Booking_A_Resource,
How do I book a Projector in Web Mail,OWA_Booking_A_Resource,
How do I book a Meeting Room in Outlook Web App,OWA_Booking_A_Resource,
How do I book a Resource in Web Mail,OWA_Booking_A_Resource,
How do I book a Projector in Outlook Web App,OWA_Booking_A_Resource,
How do I add an Automatic Signature to my Email in Web Mail,OWA_Adding_Automatic_Signature,
How do I add an Automatic Signature to my Email in Outlook Web App,OWA_Adding_Automatic_Signature,
How do I add an Automatic Signature to my Email from my browser,OWA_Adding_Automatic_Signature,
How do I add a Signature in Web Mail,OWA_Adding_Automatic_Signature,
How do I add an Automatic Signature to my Email in OWA,OWA_Adding_Automatic_Signature,
How do I add a Signature from my browser,OWA_Adding_Automatic_Signature,
How do I add a Signature in OWA,OWA_Adding_Automatic_Signature,
How do I add a Signature in Outlook Web App,OWA_Adding_Automatic_Signature,
How do I access a shared mailbox from my browser,OWA_Accessing_Shared_Mailbox,
How do I access a shared mailbox in Outlook Web App,OWA_Accessing_Shared_Mailbox,
How do I access a shared mailbox in Web Mail,OWA_Accessing_Shared_Mailbox,
How do I access a shared mailbox in OWA,OWA_Accessing_Shared_Mailbox,
How do I change read or unread emails in Outlook 2010?,Outlook_2010_Unread_Emails_Marked_Read,
How do I handle read and unread emails in Outlook 2010?,Outlook_2010_Unread_Emails_Marked_Read,
How do I mark read or unread emails in Outlook 2010?,Outlook_2010_Unread_Emails_Marked_Read,
Unread Emails Marked As Read,Outlook_2010_Unread_Emails_Marked_Read,
How do I create an email message in Outlook 2010?,Outlook_2010_Starting_New_Message,
How do I start a new email message in Outlook 2010?,Outlook_2010_Starting_New_Message,
How do I define the permissions of who can see my availability in Outlook 2010?,Outlook_2010_Setting_Calendar_Permissions,
How to set calendar permissions in Outlook 2010?,Outlook_2010_Setting_Calendar_Permissions,
How do I set permissions for calendar in Outlook 2010?,Outlook_2010_Setting_Calendar_Permissions,
How do I find a shortcut key in OL,Outlook_2010_Search_Shortcut_keys,
How do I find a shortcut key in OL 2010,Outlook_2010_Search_Shortcut_keys,
*search shotcut key*,Outlook_2010_Search_Shortcut_keys,
How do I find a shortcut key in Outlook Desktop App,Outlook_2010_Search_Shortcut_keys,
*shortcut key*,Outlook_2010_Search_Shortcut_keys,
How do I find a shortcut key in Outlook 2010,Outlook_2010_Search_Shortcut_keys,
How do I find a shortcut key in Outlook Mail 2010,Outlook_2010_Search_Shortcut_keys,
How do I find a shortcut key in Outlook Mail,Outlook_2010_Search_Shortcut_keys,
How do I remove brackets in Outlook 2010?,Outlook_2010_Removing_Brackets,
How do I remove brackets from reply messages in Outlook 2010?,Outlook_2010_Removing_Brackets,
Mail Removing_Brackets Outlook 2010,Outlook_2010_Removing_Brackets,
How do I remove brackets?,Removing_Brackets,
How do I remove brackets from reply messages?,Removing_Brackets,
How do I open a shared calendar in Outlook 2010?,Outlook_2010_Opening_Shared_Calendar,
How do I minimize the ribbon in Outlook 2010?,Outlook_2010_Minimizing_the_Ribbon,
How do I synchronize email manually in Outlook 2010?,Outlook_2010_Emails_Not_Refreshing,
How do I refresh email manually in Outlook 2010?,Outlook_2010_Emails_Not_Refreshing,
Emails Not Refreshing,Outlook_2010_Emails_Not_Refreshing,
Emails Not Synchronizing,Outlook_2010_Emails_Not_Refreshing,
How do I delegate access to others in Outlook 2010,Outlook_2010_Delegate_Access,
How do I delegate access in Outlook 2010,Outlook_2010_Delegate_Access,
How do I delegate access to my calendar in Outlook 2010,Outlook_2010_Delegate_Access,
How do I delegate access to my mail in Outlook 2010,Outlook_2010_Delegate_Access,
How do I create an activity in Outlook 2010?,Outlook_2010_Creating_Tasks,
How do I add new task in Outlook 2010?,Outlook_2010_Creating_Tasks,
How do I create a task in Outlook 2010?,Outlook_2010_Creating_Tasks,
How do I create a contact group in Outlook Desktop App,Outlook_2010_Creating_Contact_Group,
How do I create a contact group in OL 2010,Outlook_2010_Creating_Contact_Group,
How do I create a contact group in OL,Outlook_2010_Creating_Contact_Group,
How do I create a contact group in Outlook Mail 2010,Outlook_2010_Creating_Contact_Group,
*create contact group*,Outlook_2010_Creating_Contact_Group,
How do I create a contact group in Outlook 2010,Outlook_2010_Creating_Contact_Group,
How do I create a contact group in Outlook Mail,Outlook_2010_Creating_Contact_Group,
How do I book a meeting in Outlook 2010,Outlook_2010_Create_a_Meeting,
How do I create a meeting in Outlook 2010,Outlook_2010_Create_a_Meeting,
How do I schedule a meeting in Outlook 2010,Outlook_2010_Create_a_Meeting,
How do I create a meeting recurrence in Outlook 2010,Outlook_2010_Create_a_Meeting,
Why am I  blocked the access in OL 2010,Outlook_2010_Blocked_Access,
* blocked access*,Outlook_2010_Blocked_Access,
Why am I  blocked the access in Outlook Mail 2010,Outlook_2010_Blocked_Access,
Why am I  blocked the access in OL,Outlook_2010_Blocked_Access,
Why do I can't open .exe file in Outlook mail,Outlook_2010_Blocked_Access,
Why do I can't open .exe file in OL,Outlook_2010_Blocked_Access,
Why am I  blocked the access in Outlook Mail,Outlook_2010_Blocked_Access,
Why am I  blocked the access in Outlook 2010,Outlook_2010_Blocked_Access,
Why do I can't open .exe file in Outlook mail 2010,Outlook_2010_Blocked_Access,
Why do I can't open .exe file in Outlook 2010,Outlook_2010_Blocked_Access,
Why do I can't open .exe file in Outlook Desktop App,Outlook_2010_Blocked_Access,
Why do I can not access the Outlook 2010,Outlook_2010_Blocked_Access,
Why am I  blocked the access in Outlook Desktop App,Outlook_2010_Blocked_Access,
Why do I can not access the OL,Outlook_2010_Blocked_Access,
Why do I can not access the Outlook Desktop App,Outlook_2010_Blocked_Access,
Why do I can't open .exe file in OL 2010,Outlook_2010_Blocked_Access,
Why do I can not access the Outlook Mail,Outlook_2010_Blocked_Access,
Why do I can not access the OL 2010,Outlook_2010_Blocked_Access,
Why do I can not access theOutlook Mail 2010,Outlook_2010_Blocked_Access,
How do I configure out of office in OL 2010,Outlook_2010_Accessing_OOO_Assistant,
How do I configure out of office in Outlook 2010,Outlook_2010_Accessing_OOO_Assistant,
How do I let people know I am away in Outlook 2010,Outlook_2010_Accessing_OOO_Assistant,
How do I let people know I am on holiday from my computer,Outlook_2010_Accessing_OOO_Assistant,
How do I configure out of office in Outlook Mail,Outlook_2010_Accessing_OOO_Assistant,
Mail OUT_OF_OFFICE Outlook 2010,Outlook_2010_Accessing_OOO_Assistant,
How do I let people know I am away in Outlook Desktop App,Outlook_2010_Accessing_OOO_Assistant,
How do I let people know I am away from my mail,Outlook_2010_Accessing_OOO_Assistant,
How do I let people know I am on holiday in Outlook Desktop App,Outlook_2010_Accessing_OOO_Assistant,
Mail Out of office outlook desktop app,Outlook_2010_Accessing_OOO_Assistant,
How do I let people know I am away in Outlook Mail 2010,Outlook_2010_Accessing_OOO_Assistant,
How do I let people know I am on holiday in Outlook 2010,Outlook_2010_Accessing_OOO_Assistant,
How do I let people know I am on holiday in OL,Outlook_2010_Accessing_OOO_Assistant,
Mail OUT_OF_OFFICE Outlook Desktop App,Outlook_2010_Accessing_OOO_Assistant,
hi,OpeningTalk,
I'm feeling good thanks,OpeningTalk,
g'day,OpeningTalk,
hi watson,OpeningTalk,
good morning,OpeningTalk,
great,OpeningTalk,
aloha,OpeningTalk,
buenos dias,OpeningTalk,
hi there,OpeningTalk,
hey there,OpeningTalk,
feeling bit low,OpeningTalk,
Hola,OpeningTalk,
bonjour,OpeningTalk,
heya,OpeningTalk,
good day,OpeningTalk,
hey,OpeningTalk,
You there ?,OpeningTalk,
namaste,OpeningTalk,
howdy,OpeningTalk,
greetings,OpeningTalk,
good,OpeningTalk,
yello,OpeningTalk,
yo,OpeningTalk,
hiya,OpeningTalk,
Hello,OpeningTalk,
I am not feeling good,OpeningTalk,
Its not that good,OpeningTalk,
good how are you,OpeningTalk,
ciao,OpeningTalk,
bad,OpeningTalk,
good evening,OpeningTalk,
How do I delegate access to others in Mail,Mail_Delegate_Access,
How do I delegate access to my mail in Mail,Mail_Delegate_Access,
How do I delegate access in Mail,Mail_Delegate_Access,
How do I let people know I am away from my browser,Configuring_Out_Of_Office,
out of office *,Configuring_Out_Of_Office,Outlook_2010_Accessing_OOO_Assistant
configure out of office,Configuring_Out_Of_Office,Outlook_2010_Accessing_OOO_Assistant
* out of office,Configuring_Out_Of_Office,Outlook_2010_Accessing_OOO_Assistant
How do I let people know I am on holiday from my browser,Configuring_Out_Of_Office,
out of office support *,Configuring_Out_Of_Office,Outlook_2010_Accessing_OOO_Assistant
help in setting up out of office,Configuring_Out_Of_Office,Outlook_2010_Accessing_OOO_Assistant
out of office,Configuring_Out_Of_Office,Outlook_2010_Accessing_OOO_Assistant
I'm leaving,ClosingTalk,
later,ClosingTalk,
have to run,ClosingTalk,
au revoir,ClosingTalk,
gotta go,ClosingTalk,
seeya,ClosingTalk,
BYE,ClosingTalk,
bye bye,ClosingTalk,
need to leave,ClosingTalk,
time to go,ClosingTalk,
see ya later,ClosingTalk,
over and out,ClosingTalk,
have to leave,ClosingTalk,
need to go,ClosingTalk,
so long,ClosingTalk,
see you soon,ClosingTalk,
logging off,ClosingTalk,
good bye,ClosingTalk,
should be going,ClosingTalk,
cya,ClosingTalk,
need to run,ClosingTalk,
thank you for your help,ClosingTalk,
farewell,ClosingTalk,
then bye,ClosingTalk,
good night,ClosingTalk,
should go,ClosingTalk,
gtg,ClosingTalk,
have to go,ClosingTalk,
see ya,ClosingTalk,
gotta run,ClosingTalk,
signing out,ClosingTalk,
adios,ClosingTalk,
ok bye,ClosingTalk,
laters,ClosingTalk,
see you later,ClosingTalk,
bye now,ClosingTalk,
out of time,ClosingTalk,
see ya soon,ClosingTalk,
see you,ClosingTalk,
my time is up,ClosingTalk,
adieu,ClosingTalk,
thanks watson,ClosingTalk,
toodles,ClosingTalk,
got to go,ClosingTalk,
goodbye,ClosingTalk,
signing off,ClosingTalk,
